,block_range,total_blocks,accuracy,Ground truth
0,0-4,5,1.0,PSEUDO_DRIFT
1,5-9,5,1.0,PSEUDO_DRIFT
2,10-14,5,1.0,PSEUDO_DRIFT
3,15-19,5,1.0,PSEUDO_DRIFT
4,20-24,5,1.0,PSEUDO_DRIFT
5,25-29,5,1.0,PSEUDO_DRIFT
6,30-34,5,0.924,PSEUDO_DRIFT
7,35-39,5,0.976,PSEUDO_DRIFT
8,40-44,5,0.992,PSEUDO_DRIFT
9,45-49,5,0.948,PSEUDO_DRIFT
10,50-54,5,0.972,PSEUDO_DRIFT
11,55-59,5,0.912,PSEUDO_DRIFT
12,60-64,5,0.98,PSEUDO_DRIFT
13,65-69,5,0.968,PSEUDO_DRIFT
14,70-74,5,0.98,PSEUDO_DRIFT
15,75-79,5,1.0,PSEUDO_DRIFT
16,80-84,5,1.0,PSEUDO_DRIFT
17,85-89,5,1.0,PSEUDO_DRIFT
18,90-94,5,1.0,PSEUDO_DRIFT
19,95-99,5,1.0,PSEUDO_DRIFT
20,100-104,5,0.756,REAL_DRIFT
21,105-109,5,0.884,REAL_DRIFT
22,110-114,5,0.888,REAL_DRIFT
23,115-119,5,0.804,REAL_DRIFT
24,120-124,5,0.988,PSEUDO_DRIFT
25,125-129,5,0.996,PSEUDO_DRIFT
26,130-134,5,0.956,PSEUDO_DRIFT
27,135-139,5,0.976,PSEUDO_DRIFT
28,140-144,5,0.908,PSEUDO_DRIFT
29,145-149,5,0.996,PSEUDO_DRIFT
30,150-154,5,0.972,PSEUDO_DRIFT
31,155-159,5,0.956,PSEUDO_DRIFT
32,160-164,5,0.996,PSEUDO_DRIFT
33,165-169,5,1.0,PSEUDO_DRIFT
34,170-174,5,0.996,PSEUDO_DRIFT
35,175-179,5,0.996,PSEUDO_DRIFT
36,180-184,5,0.996,PSEUDO_DRIFT
37,185-189,5,1.0,PSEUDO_DRIFT
38,190-194,5,0.996,PSEUDO_DRIFT
39,195-199,5,0.992,PSEUDO_DRIFT
40,200-204,5,1.0,PSEUDO_DRIFT
41,205-209,5,0.988,PSEUDO_DRIFT
42,210-214,5,0.992,PSEUDO_DRIFT
43,215-219,5,0.996,PSEUDO_DRIFT
44,220-224,5,0.996,PSEUDO_DRIFT
45,225-229,5,0.984,PSEUDO_DRIFT
46,230-234,5,0.996,PSEUDO_DRIFT
47,235-239,5,0.996,PSEUDO_DRIFT
48,240-244,5,0.968,PSEUDO_DRIFT
49,245-249,5,0.988,PSEUDO_DRIFT
50,250-254,5,1.0,PSEUDO_DRIFT
51,255-259,5,1.0,PSEUDO_DRIFT
52,260-264,5,1.0,PSEUDO_DRIFT
53,265-269,5,1.0,PSEUDO_DRIFT
54,270-274,5,1.0,PSEUDO_DRIFT
55,275-279,5,1.0,PSEUDO_DRIFT
56,280-284,5,0.984,PSEUDO_DRIFT
57,285-289,5,1.0,PSEUDO_DRIFT
58,290-294,5,1.0,PSEUDO_DRIFT
59,295-299,5,1.0,PSEUDO_DRIFT
60,300-304,5,1.0,PSEUDO_DRIFT
61,305-309,5,0.992,PSEUDO_DRIFT
62,310-314,5,0.976,PSEUDO_DRIFT
63,315-319,5,0.96,PSEUDO_DRIFT
64,320-324,5,1.0,PSEUDO_DRIFT
65,325-329,5,0.98,PSEUDO_DRIFT
66,330-334,5,1.0,PSEUDO_DRIFT
67,335-339,5,1.0,PSEUDO_DRIFT
68,340-344,5,1.0,PSEUDO_DRIFT
69,345-349,5,1.0,PSEUDO_DRIFT
70,350-354,5,1.0,PSEUDO_DRIFT
71,355-359,5,1.0,PSEUDO_DRIFT
72,360-364,5,1.0,PSEUDO_DRIFT
73,365-369,5,1.0,PSEUDO_DRIFT
74,370-374,5,1.0,PSEUDO_DRIFT
75,375-379,5,1.0,PSEUDO_DRIFT
76,380-384,5,1.0,PSEUDO_DRIFT
77,385-389,5,0.968,PSEUDO_DRIFT
78,390-394,5,1.0,PSEUDO_DRIFT
79,395-399,5,0.98,PSEUDO_DRIFT
80,400-404,5,0.996,PSEUDO_DRIFT
81,405-409,5,0.988,PSEUDO_DRIFT
82,410-414,5,0.98,PSEUDO_DRIFT
83,415-419,5,0.984,PSEUDO_DRIFT
84,420-424,5,0.972,PSEUDO_DRIFT
85,425-429,5,1.0,PSEUDO_DRIFT
86,430-434,5,1.0,PSEUDO_DRIFT
87,435-439,5,1.0,PSEUDO_DRIFT
88,440-444,5,1.0,PSEUDO_DRIFT
89,445-449,5,1.0,PSEUDO_DRIFT
90,450-454,5,1.0,PSEUDO_DRIFT
91,455-459,5,0.996,PSEUDO_DRIFT
92,460-464,5,0.996,PSEUDO_DRIFT
93,465-469,5,0.996,PSEUDO_DRIFT
94,470-474,5,1.0,PSEUDO_DRIFT
95,475-479,5,1.0,PSEUDO_DRIFT
96,480-484,5,1.0,PSEUDO_DRIFT
97,485-489,5,0.988,PSEUDO_DRIFT
98,490-494,5,0.972,PSEUDO_DRIFT
99,495-499,5,1.0,PSEUDO_DRIFT
100,500-504,5,1.0,PSEUDO_DRIFT
101,505-509,5,1.0,PSEUDO_DRIFT
102,510-514,5,1.0,PSEUDO_DRIFT
103,515-519,5,1.0,PSEUDO_DRIFT
104,520-524,5,1.0,PSEUDO_DRIFT
105,525-529,5,1.0,PSEUDO_DRIFT
106,530-534,5,1.0,PSEUDO_DRIFT
107,535-539,5,1.0,PSEUDO_DRIFT
108,540-544,5,1.0,PSEUDO_DRIFT
109,545-549,5,1.0,PSEUDO_DRIFT
110,550-554,5,1.0,PSEUDO_DRIFT
111,555-559,5,0.988,PSEUDO_DRIFT
112,560-564,5,0.996,PSEUDO_DRIFT
113,565-569,5,0.988,PSEUDO_DRIFT
114,570-574,5,0.964,PSEUDO_DRIFT
115,575-579,5,0.968,PSEUDO_DRIFT
116,580-584,5,1.0,PSEUDO_DRIFT
117,585-589,5,0.96,PSEUDO_DRIFT
118,590-594,5,0.984,PSEUDO_DRIFT
119,595-599,5,0.996,PSEUDO_DRIFT
120,600-604,5,1.0,PSEUDO_DRIFT
121,605-609,5,1.0,PSEUDO_DRIFT
122,610-614,5,1.0,PSEUDO_DRIFT
123,615-619,5,1.0,PSEUDO_DRIFT
124,620-624,5,1.0,PSEUDO_DRIFT
125,625-629,5,0.996,PSEUDO_DRIFT
126,630-634,5,0.984,PSEUDO_DRIFT
127,635-639,5,0.996,PSEUDO_DRIFT
128,640-644,5,1.0,PSEUDO_DRIFT
129,645-649,5,1.0,PSEUDO_DRIFT
130,650-654,5,1.0,PSEUDO_DRIFT
131,655-659,5,1.0,PSEUDO_DRIFT
132,660-664,5,1.0,PSEUDO_DRIFT
133,665-669,5,1.0,PSEUDO_DRIFT
134,670-674,5,1.0,PSEUDO_DRIFT
135,675-679,5,1.0,PSEUDO_DRIFT
136,680-684,5,0.988,PSEUDO_DRIFT
137,685-689,5,1.0,PSEUDO_DRIFT
138,690-694,5,1.0,PSEUDO_DRIFT
139,695-699,5,1.0,PSEUDO_DRIFT
140,700-704,5,1.0,PSEUDO_DRIFT
141,705-709,5,1.0,PSEUDO_DRIFT
142,710-714,5,1.0,PSEUDO_DRIFT
143,715-719,5,1.0,PSEUDO_DRIFT
144,720-724,5,1.0,PSEUDO_DRIFT
145,725-729,5,1.0,PSEUDO_DRIFT
146,730-734,5,0.972,PSEUDO_DRIFT
147,735-739,5,1.0,PSEUDO_DRIFT
148,740-744,5,0.984,PSEUDO_DRIFT
149,745-749,5,0.96,PSEUDO_DRIFT
150,750-754,5,1.0,PSEUDO_DRIFT
151,755-759,5,0.968,PSEUDO_DRIFT
152,760-764,5,0.912,PSEUDO_DRIFT
153,765-769,5,0.992,PSEUDO_DRIFT
154,770-774,5,0.956,PSEUDO_DRIFT
155,775-779,5,1.0,PSEUDO_DRIFT
156,780-784,5,1.0,PSEUDO_DRIFT
157,785-789,5,1.0,PSEUDO_DRIFT
158,790-794,5,1.0,PSEUDO_DRIFT
159,795-799,5,1.0,PSEUDO_DRIFT
160,800-804,5,0.988,PSEUDO_DRIFT
161,805-809,5,0.984,PSEUDO_DRIFT
162,810-814,5,1.0,PSEUDO_DRIFT
163,815-819,5,0.984,PSEUDO_DRIFT
164,820-824,5,1.0,PSEUDO_DRIFT
165,825-829,5,1.0,PSEUDO_DRIFT
166,830-834,5,1.0,PSEUDO_DRIFT
167,835-839,5,1.0,PSEUDO_DRIFT
168,840-844,5,0.992,PSEUDO_DRIFT
169,845-849,5,1.0,PSEUDO_DRIFT
170,850-854,5,0.996,PSEUDO_DRIFT
171,855-859,5,0.992,PSEUDO_DRIFT
172,860-864,5,1.0,PSEUDO_DRIFT
173,865-869,5,1.0,PSEUDO_DRIFT
174,870-874,5,1.0,PSEUDO_DRIFT
175,875-879,5,1.0,PSEUDO_DRIFT
176,880-884,5,1.0,PSEUDO_DRIFT
177,885-889,5,1.0,PSEUDO_DRIFT
178,890-894,5,1.0,PSEUDO_DRIFT
179,895-899,5,1.0,PSEUDO_DRIFT
180,900-904,5,1.0,PSEUDO_DRIFT
181,905-909,5,1.0,PSEUDO_DRIFT
182,910-914,5,0.928,PSEUDO_DRIFT
183,915-919,5,0.96,PSEUDO_DRIFT
184,920-924,5,0.968,PSEUDO_DRIFT
185,925-929,5,0.984,PSEUDO_DRIFT
186,930-934,5,0.956,PSEUDO_DRIFT
187,935-939,5,0.98,PSEUDO_DRIFT
188,940-944,5,0.968,PSEUDO_DRIFT
189,945-949,5,0.996,PSEUDO_DRIFT
190,950-954,5,1.0,PSEUDO_DRIFT
191,955-959,5,1.0,PSEUDO_DRIFT
192,960-964,5,1.0,PSEUDO_DRIFT
193,965-969,5,1.0,PSEUDO_DRIFT
194,970-974,5,1.0,PSEUDO_DRIFT
195,975-979,5,0.996,PSEUDO_DRIFT
196,980-984,5,1.0,PSEUDO_DRIFT
197,985-989,5,0.996,PSEUDO_DRIFT
198,990-994,5,0.976,PSEUDO_DRIFT
199,995-999,5,1.0,PSEUDO_DRIFT
200,1000-1004,5,1.0,PSEUDO_DRIFT
201,1005-1009,5,0.992,PSEUDO_DRIFT
202,1010-1014,5,0.944,PSEUDO_DRIFT
203,1015-1019,5,0.948,PSEUDO_DRIFT
204,1020-1024,5,0.992,PSEUDO_DRIFT
205,1025-1029,5,0.996,PSEUDO_DRIFT
206,1030-1034,5,1.0,PSEUDO_DRIFT
207,1035-1039,5,1.0,PSEUDO_DRIFT
208,1040-1044,5,1.0,PSEUDO_DRIFT
209,1045-1049,5,1.0,PSEUDO_DRIFT
210,1050-1054,5,1.0,PSEUDO_DRIFT
211,1055-1059,5,1.0,PSEUDO_DRIFT
212,1060-1064,5,0.996,PSEUDO_DRIFT
213,1065-1069,5,1.0,PSEUDO_DRIFT
214,1070-1074,5,1.0,PSEUDO_DRIFT
215,1075-1079,5,1.0,PSEUDO_DRIFT
216,1080-1084,5,1.0,PSEUDO_DRIFT
217,1085-1089,5,0.992,PSEUDO_DRIFT
218,1090-1094,5,0.968,PSEUDO_DRIFT
219,1095-1099,5,0.964,PSEUDO_DRIFT
220,1100-1104,5,0.988,PSEUDO_DRIFT
221,1105-1109,5,1.0,PSEUDO_DRIFT
222,1110-1114,5,0.956,PSEUDO_DRIFT
223,1115-1119,5,0.956,PSEUDO_DRIFT
224,1120-1124,5,0.992,PSEUDO_DRIFT
225,1125-1129,5,1.0,PSEUDO_DRIFT
226,1130-1134,5,1.0,PSEUDO_DRIFT
227,1135-1139,5,1.0,PSEUDO_DRIFT
228,1140-1144,5,1.0,PSEUDO_DRIFT
229,1145-1149,5,1.0,PSEUDO_DRIFT
230,1150-1154,5,0.992,PSEUDO_DRIFT
231,1155-1159,5,0.996,PSEUDO_DRIFT
232,1160-1164,5,0.996,PSEUDO_DRIFT
233,1165-1169,5,1.0,PSEUDO_DRIFT
234,1170-1174,5,1.0,PSEUDO_DRIFT
235,1175-1179,5,1.0,PSEUDO_DRIFT
236,1180-1184,5,1.0,PSEUDO_DRIFT
237,1185-1189,5,1.0,PSEUDO_DRIFT
238,1190-1194,5,1.0,PSEUDO_DRIFT
239,1195-1199,5,1.0,PSEUDO_DRIFT
240,1200-1204,5,1.0,PSEUDO_DRIFT
241,1205-1209,5,0.992,PSEUDO_DRIFT
242,1210-1214,5,1.0,PSEUDO_DRIFT
243,1215-1219,5,1.0,PSEUDO_DRIFT
244,1220-1224,5,1.0,PSEUDO_DRIFT
245,1225-1229,5,0.996,PSEUDO_DRIFT
246,1230-1234,5,1.0,PSEUDO_DRIFT
247,1235-1239,5,1.0,PSEUDO_DRIFT
248,1240-1244,5,1.0,PSEUDO_DRIFT
249,1245-1249,5,1.0,PSEUDO_DRIFT
250,1250-1254,5,1.0,PSEUDO_DRIFT
251,1255-1259,5,0.952,PSEUDO_DRIFT
252,1260-1264,5,0.996,PSEUDO_DRIFT
253,1265-1269,5,0.984,PSEUDO_DRIFT
254,1270-1274,5,0.98,PSEUDO_DRIFT
255,1275-1279,5,0.996,PSEUDO_DRIFT
256,1280-1284,5,0.968,PSEUDO_DRIFT
257,1285-1289,5,0.944,PSEUDO_DRIFT
258,1290-1294,5,0.984,PSEUDO_DRIFT
259,1295-1299,5,0.972,PSEUDO_DRIFT
260,1300-1304,5,1.0,PSEUDO_DRIFT
261,1305-1309,5,1.0,PSEUDO_DRIFT
262,1310-1314,5,1.0,PSEUDO_DRIFT
263,1315-1319,5,1.0,PSEUDO_DRIFT
264,1320-1324,5,1.0,PSEUDO_DRIFT
265,1325-1329,5,0.996,PSEUDO_DRIFT
266,1330-1334,5,0.96,PSEUDO_DRIFT
267,1335-1339,5,0.976,PSEUDO_DRIFT
268,1340-1344,5,1.0,PSEUDO_DRIFT
269,1345-1349,5,1.0,PSEUDO_DRIFT
270,1350-1354,5,1.0,PSEUDO_DRIFT
271,1355-1359,5,0.996,PSEUDO_DRIFT
272,1360-1364,5,1.0,PSEUDO_DRIFT
273,1365-1369,5,0.956,PSEUDO_DRIFT
274,1370-1374,5,1.0,PSEUDO_DRIFT
275,1375-1379,5,1.0,PSEUDO_DRIFT
276,1380-1384,5,1.0,PSEUDO_DRIFT
277,1385-1389,5,1.0,PSEUDO_DRIFT
278,1390-1394,5,1.0,PSEUDO_DRIFT
279,1395-1399,5,1.0,PSEUDO_DRIFT
280,1400-1404,5,1.0,PSEUDO_DRIFT
281,1405-1409,5,1.0,PSEUDO_DRIFT
282,1410-1414,5,1.0,PSEUDO_DRIFT
283,1415-1419,5,1.0,PSEUDO_DRIFT
284,1420-1424,5,1.0,PSEUDO_DRIFT
285,1425-1429,5,1.0,PSEUDO_DRIFT
286,1430-1434,5,0.98,PSEUDO_DRIFT
287,1435-1439,5,0.968,PSEUDO_DRIFT
288,1440-1444,5,1.0,PSEUDO_DRIFT
289,1445-1449,5,0.992,PSEUDO_DRIFT
290,1450-1454,5,0.996,PSEUDO_DRIFT
291,1455-1459,5,0.988,PSEUDO_DRIFT
292,1460-1464,5,0.996,PSEUDO_DRIFT
293,1465-1469,5,0.992,PSEUDO_DRIFT
294,1470-1474,5,1.0,PSEUDO_DRIFT
295,1475-1479,5,1.0,PSEUDO_DRIFT
296,1480-1484,5,1.0,PSEUDO_DRIFT
297,1485-1489,5,1.0,PSEUDO_DRIFT
298,1490-1494,5,1.0,PSEUDO_DRIFT
299,1495-1499,5,1.0,PSEUDO_DRIFT
300,1500-1504,5,1.0,PSEUDO_DRIFT
301,1505-1509,5,1.0,PSEUDO_DRIFT
302,1510-1514,5,0.996,PSEUDO_DRIFT
303,1515-1519,5,1.0,PSEUDO_DRIFT
304,1520-1524,5,1.0,PSEUDO_DRIFT
305,1525-1529,5,1.0,PSEUDO_DRIFT
306,1530-1534,5,1.0,PSEUDO_DRIFT
307,1535-1539,5,0.996,PSEUDO_DRIFT
308,1540-1544,5,0.992,PSEUDO_DRIFT
309,1545-1549,5,1.0,PSEUDO_DRIFT
310,1550-1554,5,1.0,PSEUDO_DRIFT
311,1555-1559,5,1.0,PSEUDO_DRIFT
312,1560-1564,5,1.0,PSEUDO_DRIFT
313,1565-1569,5,1.0,PSEUDO_DRIFT
314,1570-1574,5,1.0,PSEUDO_DRIFT
315,1575-1579,5,1.0,PSEUDO_DRIFT
316,1580-1584,5,1.0,PSEUDO_DRIFT
317,1585-1589,5,0.992,PSEUDO_DRIFT
318,1590-1594,5,1.0,PSEUDO_DRIFT
319,1595-1599,5,1.0,PSEUDO_DRIFT
320,1600-1604,5,1.0,PSEUDO_DRIFT
321,1605-1609,5,0.964,PSEUDO_DRIFT
322,1610-1614,5,0.956,PSEUDO_DRIFT
323,1615-1619,5,0.988,PSEUDO_DRIFT
324,1620-1624,5,0.948,PSEUDO_DRIFT
325,1625-1629,5,0.992,PSEUDO_DRIFT
326,1630-1634,5,0.968,PSEUDO_DRIFT
327,1635-1639,5,0.996,PSEUDO_DRIFT
328,1640-1644,5,0.952,PSEUDO_DRIFT
329,1645-1649,5,0.992,PSEUDO_DRIFT
330,1650-1654,5,1.0,PSEUDO_DRIFT
331,1655-1659,5,1.0,PSEUDO_DRIFT
332,1660-1664,5,1.0,PSEUDO_DRIFT
333,1665-1669,5,1.0,PSEUDO_DRIFT
334,1670-1674,5,1.0,PSEUDO_DRIFT
335,1675-1679,5,0.996,PSEUDO_DRIFT
336,1680-1684,5,0.992,PSEUDO_DRIFT
337,1685-1689,5,0.992,PSEUDO_DRIFT
338,1690-1694,5,0.996,PSEUDO_DRIFT
339,1695-1699,5,1.0,PSEUDO_DRIFT
340,1700-1704,5,1.0,PSEUDO_DRIFT
341,1705-1709,5,0.996,PSEUDO_DRIFT
342,1710-1714,5,0.992,PSEUDO_DRIFT
343,1715-1719,5,0.98,PSEUDO_DRIFT
344,1720-1724,5,1.0,PSEUDO_DRIFT
345,1725-1729,5,0.996,PSEUDO_DRIFT
346,1730-1734,5,1.0,PSEUDO_DRIFT
347,1735-1739,5,1.0,PSEUDO_DRIFT
348,1740-1744,5,1.0,PSEUDO_DRIFT
349,1745-1749,5,1.0,PSEUDO_DRIFT
350,1750-1754,5,1.0,PSEUDO_DRIFT
351,1755-1759,5,1.0,PSEUDO_DRIFT
352,1760-1764,5,1.0,PSEUDO_DRIFT
353,1765-1769,5,1.0,PSEUDO_DRIFT
354,1770-1774,5,1.0,PSEUDO_DRIFT
355,1775-1779,5,1.0,PSEUDO_DRIFT
356,1780-1784,5,0.996,PSEUDO_DRIFT
357,1785-1789,5,0.98,PSEUDO_DRIFT
358,1790-1794,5,0.992,PSEUDO_DRIFT
359,1795-1799,5,0.996,PSEUDO_DRIFT
360,1800-1804,5,0.988,PSEUDO_DRIFT
361,1805-1809,5,0.992,PSEUDO_DRIFT
362,1810-1814,5,0.976,PSEUDO_DRIFT
363,1815-1819,5,0.992,PSEUDO_DRIFT
364,1820-1824,5,0.964,PSEUDO_DRIFT
365,1825-1829,5,1.0,PSEUDO_DRIFT
366,1830-1834,5,1.0,PSEUDO_DRIFT
367,1835-1839,5,1.0,PSEUDO_DRIFT
368,1840-1844,5,1.0,PSEUDO_DRIFT
369,1845-1849,5,1.0,PSEUDO_DRIFT
370,1850-1854,5,1.0,PSEUDO_DRIFT
371,1855-1859,5,0.988,PSEUDO_DRIFT
372,1860-1864,5,1.0,PSEUDO_DRIFT
373,1865-1869,5,1.0,PSEUDO_DRIFT
374,1870-1874,5,1.0,PSEUDO_DRIFT
375,1875-1879,5,1.0,PSEUDO_DRIFT
376,1880-1884,5,1.0,PSEUDO_DRIFT
377,1885-1889,5,1.0,PSEUDO_DRIFT
378,1890-1894,5,1.0,PSEUDO_DRIFT
379,1895-1899,5,1.0,PSEUDO_DRIFT
380,1900-1904,5,1.0,PSEUDO_DRIFT
381,1905-1909,5,1.0,PSEUDO_DRIFT
382,1910-1914,5,1.0,PSEUDO_DRIFT
383,1915-1919,5,0.988,PSEUDO_DRIFT
384,1920-1924,5,0.936,PSEUDO_DRIFT
385,1925-1929,5,0.888,REAL_DRIFT
386,1930-1934,5,0.932,PSEUDO_DRIFT
387,1935-1939,5,0.924,PSEUDO_DRIFT
388,1940-1944,5,0.912,PSEUDO_DRIFT
389,1945-1949,5,0.908,PSEUDO_DRIFT
390,1950-1954,5,0.564,REAL_DRIFT
391,1955-1959,5,0.432,REAL_DRIFT
392,1960-1964,5,0.612,REAL_DRIFT
393,1965-1969,5,0.696,REAL_DRIFT
394,1970-1974,5,0.372,REAL_DRIFT
395,1975-1979,5,0.28,REAL_DRIFT
396,1980-1984,5,0.348,REAL_DRIFT
397,1985-1989,5,0.512,REAL_DRIFT
398,1990-1994,5,0.784,REAL_DRIFT
399,1995-1999,5,0.888,REAL_DRIFT
400,2000-2004,5,0.904,PSEUDO_DRIFT
401,2005-2009,5,0.892,REAL_DRIFT
402,2010-2014,5,0.868,REAL_DRIFT
403,2015-2019,5,0.928,PSEUDO_DRIFT
404,2020-2024,5,0.732,REAL_DRIFT
405,2025-2029,5,0.836,REAL_DRIFT
406,2030-2034,5,0.716,REAL_DRIFT
407,2035-2039,5,0.884,REAL_DRIFT
408,2040-2044,5,0.82,REAL_DRIFT
409,2045-2049,5,0.844,REAL_DRIFT
410,2050-2054,5,0.808,REAL_DRIFT
411,2055-2059,5,0.836,REAL_DRIFT
412,2060-2064,5,0.812,REAL_DRIFT
413,2065-2069,5,0.808,REAL_DRIFT
414,2070-2074,5,0.768,REAL_DRIFT
415,2075-2079,5,0.76,REAL_DRIFT
416,2080-2084,5,0.764,REAL_DRIFT
417,2085-2089,5,0.788,REAL_DRIFT
418,2090-2094,5,0.804,REAL_DRIFT
419,2095-2099,5,0.848,REAL_DRIFT
420,2100-2104,5,0.896,REAL_DRIFT
421,2105-2109,5,0.932,PSEUDO_DRIFT
422,2110-2114,5,0.952,PSEUDO_DRIFT
423,2115-2119,5,0.98,PSEUDO_DRIFT
424,2120-2124,5,0.992,PSEUDO_DRIFT
425,2125-2129,5,0.988,PSEUDO_DRIFT
426,2130-2134,5,1.0,PSEUDO_DRIFT
427,2135-2139,5,0.996,PSEUDO_DRIFT
428,2140-2144,5,0.988,PSEUDO_DRIFT
429,2145-2149,5,0.992,PSEUDO_DRIFT
430,2150-2154,5,0.996,PSEUDO_DRIFT
431,2155-2159,5,0.996,PSEUDO_DRIFT
432,2160-2164,5,0.96,PSEUDO_DRIFT
433,2165-2169,5,0.996,PSEUDO_DRIFT
434,2170-2174,5,1.0,PSEUDO_DRIFT
435,2175-2179,5,1.0,PSEUDO_DRIFT
436,2180-2184,5,1.0,PSEUDO_DRIFT
437,2185-2189,5,1.0,PSEUDO_DRIFT
438,2190-2194,5,1.0,PSEUDO_DRIFT
439,2195-2199,5,0.992,PSEUDO_DRIFT
440,2200-2204,5,0.992,PSEUDO_DRIFT
441,2205-2209,5,1.0,PSEUDO_DRIFT
442,2210-2214,5,1.0,PSEUDO_DRIFT
443,2215-2219,5,1.0,PSEUDO_DRIFT
444,2220-2224,5,1.0,PSEUDO_DRIFT
445,2225-2229,5,0.984,PSEUDO_DRIFT
446,2230-2234,5,0.98,PSEUDO_DRIFT
447,2235-2239,5,0.964,PSEUDO_DRIFT
448,2240-2244,5,0.984,PSEUDO_DRIFT
449,2245-2249,5,0.996,PSEUDO_DRIFT
450,2250-2254,5,1.0,PSEUDO_DRIFT
451,2255-2259,5,1.0,PSEUDO_DRIFT
452,2260-2264,5,1.0,PSEUDO_DRIFT
453,2265-2269,5,1.0,PSEUDO_DRIFT
454,2270-2274,5,1.0,PSEUDO_DRIFT
455,2275-2279,5,1.0,PSEUDO_DRIFT
456,2280-2284,5,1.0,PSEUDO_DRIFT
457,2285-2289,5,1.0,PSEUDO_DRIFT
458,2290-2294,5,1.0,PSEUDO_DRIFT
459,2295-2299,5,1.0,PSEUDO_DRIFT
460,2300-2304,5,1.0,PSEUDO_DRIFT
461,2305-2309,5,0.968,PSEUDO_DRIFT
462,2310-2314,5,0.988,PSEUDO_DRIFT
463,2315-2319,5,0.988,PSEUDO_DRIFT
464,2320-2324,5,0.996,PSEUDO_DRIFT
465,2325-2329,5,0.992,PSEUDO_DRIFT
466,2330-2334,5,0.98,PSEUDO_DRIFT
467,2335-2339,5,0.976,PSEUDO_DRIFT
468,2340-2344,5,0.98,PSEUDO_DRIFT
469,2345-2349,5,1.0,PSEUDO_DRIFT
470,2350-2354,5,1.0,PSEUDO_DRIFT
471,2355-2359,5,1.0,PSEUDO_DRIFT
472,2360-2364,5,1.0,PSEUDO_DRIFT
473,2365-2369,5,1.0,PSEUDO_DRIFT
474,2370-2374,5,1.0,PSEUDO_DRIFT
475,2375-2379,5,0.996,PSEUDO_DRIFT
476,2380-2384,5,0.992,PSEUDO_DRIFT
477,2385-2389,5,1.0,PSEUDO_DRIFT
478,2390-2394,5,1.0,PSEUDO_DRIFT
479,2395-2399,5,1.0,PSEUDO_DRIFT
480,2400-2404,5,0.996,PSEUDO_DRIFT
481,2405-2409,5,0.984,PSEUDO_DRIFT
482,2410-2414,5,0.98,PSEUDO_DRIFT
483,2415-2419,5,1.0,PSEUDO_DRIFT
484,2420-2424,5,1.0,PSEUDO_DRIFT
485,2425-2429,5,1.0,PSEUDO_DRIFT
486,2430-2434,5,1.0,PSEUDO_DRIFT
487,2435-2439,5,1.0,PSEUDO_DRIFT
488,2440-2444,5,1.0,PSEUDO_DRIFT
489,2445-2449,5,1.0,PSEUDO_DRIFT
490,2450-2454,5,1.0,PSEUDO_DRIFT
491,2455-2459,5,1.0,PSEUDO_DRIFT
492,2460-2464,5,1.0,PSEUDO_DRIFT
493,2465-2469,5,1.0,PSEUDO_DRIFT
494,2470-2474,5,1.0,PSEUDO_DRIFT
495,2475-2479,5,0.988,PSEUDO_DRIFT
496,2480-2484,5,0.988,PSEUDO_DRIFT
497,2485-2489,5,0.992,PSEUDO_DRIFT
498,2490-2494,5,0.96,PSEUDO_DRIFT
499,2495-2499,5,0.976,PSEUDO_DRIFT
500,2500-2504,5,1.0,PSEUDO_DRIFT
501,2505-2509,5,0.96,PSEUDO_DRIFT
502,2510-2514,5,0.98,PSEUDO_DRIFT
503,2515-2519,5,1.0,PSEUDO_DRIFT
504,2520-2524,5,1.0,PSEUDO_DRIFT
505,2525-2529,5,1.0,PSEUDO_DRIFT
506,2530-2534,5,1.0,PSEUDO_DRIFT
507,2535-2539,5,1.0,PSEUDO_DRIFT
508,2540-2544,5,1.0,PSEUDO_DRIFT
509,2545-2549,5,0.992,PSEUDO_DRIFT
510,2550-2554,5,0.988,PSEUDO_DRIFT
511,2555-2559,5,0.996,PSEUDO_DRIFT
512,2560-2564,5,1.0,PSEUDO_DRIFT
513,2565-2569,5,1.0,PSEUDO_DRIFT
514,2570-2574,5,1.0,PSEUDO_DRIFT
515,2575-2579,5,1.0,PSEUDO_DRIFT
516,2580-2584,5,1.0,PSEUDO_DRIFT
517,2585-2589,5,1.0,PSEUDO_DRIFT
518,2590-2594,5,1.0,PSEUDO_DRIFT
519,2595-2599,5,1.0,PSEUDO_DRIFT
520,2600-2604,5,0.988,PSEUDO_DRIFT
521,2605-2609,5,1.0,PSEUDO_DRIFT
522,2610-2614,5,1.0,PSEUDO_DRIFT
523,2615-2619,5,1.0,PSEUDO_DRIFT
524,2620-2624,5,1.0,PSEUDO_DRIFT
525,2625-2629,5,1.0,PSEUDO_DRIFT
526,2630-2634,5,1.0,PSEUDO_DRIFT
527,2635-2639,5,1.0,PSEUDO_DRIFT
528,2640-2644,5,1.0,PSEUDO_DRIFT
529,2645-2649,5,0.996,PSEUDO_DRIFT
530,2650-2654,5,0.976,PSEUDO_DRIFT
531,2655-2659,5,1.0,PSEUDO_DRIFT
532,2660-2664,5,0.984,PSEUDO_DRIFT
533,2665-2669,5,0.96,PSEUDO_DRIFT
534,2670-2674,5,0.996,PSEUDO_DRIFT
535,2675-2679,5,0.956,PSEUDO_DRIFT
536,2680-2684,5,0.92,PSEUDO_DRIFT
537,2685-2689,5,0.996,PSEUDO_DRIFT
538,2690-2694,5,0.96,PSEUDO_DRIFT
539,2695-2699,5,1.0,PSEUDO_DRIFT
540,2700-2704,5,1.0,PSEUDO_DRIFT
541,2705-2709,5,1.0,PSEUDO_DRIFT
542,2710-2714,5,1.0,PSEUDO_DRIFT
543,2715-2719,5,1.0,PSEUDO_DRIFT
544,2720-2724,5,0.984,PSEUDO_DRIFT
545,2725-2729,5,0.988,PSEUDO_DRIFT
546,2730-2734,5,1.0,PSEUDO_DRIFT
547,2735-2739,5,0.984,PSEUDO_DRIFT
548,2740-2744,5,1.0,PSEUDO_DRIFT
549,2745-2749,5,1.0,PSEUDO_DRIFT
550,2750-2754,5,1.0,PSEUDO_DRIFT
551,2755-2759,5,1.0,PSEUDO_DRIFT
552,2760-2764,5,0.992,PSEUDO_DRIFT
553,2765-2769,5,1.0,PSEUDO_DRIFT
554,2770-2774,5,0.996,PSEUDO_DRIFT
555,2775-2779,5,0.992,PSEUDO_DRIFT
556,2780-2784,5,1.0,PSEUDO_DRIFT
557,2785-2789,5,1.0,PSEUDO_DRIFT
558,2790-2794,5,1.0,PSEUDO_DRIFT
559,2795-2799,5,1.0,PSEUDO_DRIFT
560,2800-2804,5,1.0,PSEUDO_DRIFT
561,2805-2809,5,1.0,PSEUDO_DRIFT
562,2810-2814,5,1.0,PSEUDO_DRIFT
563,2815-2819,5,1.0,PSEUDO_DRIFT
564,2820-2824,5,1.0,PSEUDO_DRIFT
565,2825-2829,5,0.992,PSEUDO_DRIFT
566,2830-2834,5,0.916,PSEUDO_DRIFT
567,2835-2839,5,0.976,PSEUDO_DRIFT
568,2840-2844,5,0.972,PSEUDO_DRIFT
569,2845-2849,5,0.968,PSEUDO_DRIFT
570,2850-2854,5,0.972,PSEUDO_DRIFT
571,2855-2859,5,0.98,PSEUDO_DRIFT
572,2860-2864,5,0.968,PSEUDO_DRIFT
573,2865-2869,5,0.996,PSEUDO_DRIFT
574,2870-2874,5,1.0,PSEUDO_DRIFT
575,2875-2879,5,1.0,PSEUDO_DRIFT
576,2880-2884,5,1.0,PSEUDO_DRIFT
577,2885-2889,5,1.0,PSEUDO_DRIFT
578,2890-2894,5,1.0,PSEUDO_DRIFT
579,2895-2899,5,0.996,PSEUDO_DRIFT
580,2900-2904,5,0.996,PSEUDO_DRIFT
581,2905-2909,5,0.996,PSEUDO_DRIFT
582,2910-2914,5,0.98,PSEUDO_DRIFT
583,2915-2919,5,1.0,PSEUDO_DRIFT
584,2920-2924,5,1.0,PSEUDO_DRIFT
585,2925-2929,5,0.992,PSEUDO_DRIFT
586,2930-2934,5,0.94,PSEUDO_DRIFT
587,2935-2939,5,0.952,PSEUDO_DRIFT
588,2940-2944,5,0.992,PSEUDO_DRIFT
589,2945-2949,5,0.996,PSEUDO_DRIFT
590,2950-2954,5,1.0,PSEUDO_DRIFT
591,2955-2959,5,1.0,PSEUDO_DRIFT
592,2960-2964,5,1.0,PSEUDO_DRIFT
593,2965-2969,5,1.0,PSEUDO_DRIFT
594,2970-2974,5,1.0,PSEUDO_DRIFT
595,2975-2979,5,1.0,PSEUDO_DRIFT
596,2980-2984,5,0.996,PSEUDO_DRIFT
597,2985-2989,5,1.0,PSEUDO_DRIFT
598,2990-2994,5,1.0,PSEUDO_DRIFT
599,2995-2999,5,1.0,PSEUDO_DRIFT
600,3000-3004,5,1.0,PSEUDO_DRIFT
601,3005-3009,5,0.98,PSEUDO_DRIFT
602,3010-3014,5,0.98,PSEUDO_DRIFT
603,3015-3019,5,0.964,PSEUDO_DRIFT
604,3020-3024,5,0.988,PSEUDO_DRIFT
605,3025-3029,5,0.992,PSEUDO_DRIFT
606,3030-3034,5,0.952,PSEUDO_DRIFT
607,3035-3039,5,0.968,PSEUDO_DRIFT
608,3040-3044,5,0.992,PSEUDO_DRIFT
609,3045-3049,5,1.0,PSEUDO_DRIFT
610,3050-3054,5,1.0,PSEUDO_DRIFT
611,3055-3059,5,1.0,PSEUDO_DRIFT
612,3060-3064,5,1.0,PSEUDO_DRIFT
613,3065-3069,5,1.0,PSEUDO_DRIFT
614,3070-3074,5,0.992,PSEUDO_DRIFT
615,3075-3079,5,0.996,PSEUDO_DRIFT
616,3080-3084,5,0.996,PSEUDO_DRIFT
617,3085-3089,5,1.0,PSEUDO_DRIFT
618,3090-3094,5,1.0,PSEUDO_DRIFT
619,3095-3099,5,1.0,PSEUDO_DRIFT
620,3100-3104,5,1.0,PSEUDO_DRIFT
621,3105-3109,5,1.0,PSEUDO_DRIFT
622,3110-3114,5,1.0,PSEUDO_DRIFT
623,3115-3119,5,1.0,PSEUDO_DRIFT
624,3120-3124,5,1.0,PSEUDO_DRIFT
625,3125-3129,5,0.992,PSEUDO_DRIFT
626,3130-3134,5,1.0,PSEUDO_DRIFT
627,3135-3139,5,1.0,PSEUDO_DRIFT
628,3140-3144,5,0.996,PSEUDO_DRIFT
629,3145-3149,5,1.0,PSEUDO_DRIFT
630,3150-3154,5,1.0,PSEUDO_DRIFT
631,3155-3159,5,1.0,PSEUDO_DRIFT
632,3160-3164,5,1.0,PSEUDO_DRIFT
633,3165-3169,5,1.0,PSEUDO_DRIFT
634,3170-3174,5,0.992,PSEUDO_DRIFT
635,3175-3179,5,0.96,PSEUDO_DRIFT
636,3180-3184,5,0.992,PSEUDO_DRIFT
637,3185-3189,5,0.988,PSEUDO_DRIFT
638,3190-3194,5,0.976,PSEUDO_DRIFT
639,3195-3199,5,1.0,PSEUDO_DRIFT
640,3200-3204,5,0.968,PSEUDO_DRIFT
641,3205-3209,5,0.928,PSEUDO_DRIFT
642,3210-3214,5,0.98,PSEUDO_DRIFT
643,3215-3219,5,0.992,PSEUDO_DRIFT
644,3220-3224,5,1.0,PSEUDO_DRIFT
645,3225-3229,5,1.0,PSEUDO_DRIFT
646,3230-3234,5,1.0,PSEUDO_DRIFT
647,3235-3239,5,1.0,PSEUDO_DRIFT
648,3240-3244,5,1.0,PSEUDO_DRIFT
649,3245-3249,5,0.968,PSEUDO_DRIFT
650,3250-3254,5,0.968,PSEUDO_DRIFT
651,3255-3259,5,0.996,PSEUDO_DRIFT
652,3260-3264,5,1.0,PSEUDO_DRIFT
653,3265-3269,5,1.0,PSEUDO_DRIFT
654,3270-3274,5,1.0,PSEUDO_DRIFT
655,3275-3279,5,0.996,PSEUDO_DRIFT
656,3280-3284,5,0.984,PSEUDO_DRIFT
657,3285-3289,5,0.972,PSEUDO_DRIFT
658,3290-3294,5,1.0,PSEUDO_DRIFT
659,3295-3299,5,1.0,PSEUDO_DRIFT
660,3300-3304,5,1.0,PSEUDO_DRIFT
661,3305-3309,5,1.0,PSEUDO_DRIFT
662,3310-3314,5,1.0,PSEUDO_DRIFT
663,3315-3319,5,1.0,PSEUDO_DRIFT
664,3320-3324,5,1.0,PSEUDO_DRIFT
665,3325-3329,5,1.0,PSEUDO_DRIFT
666,3330-3334,5,1.0,PSEUDO_DRIFT
667,3335-3339,5,1.0,PSEUDO_DRIFT
668,3340-3344,5,1.0,PSEUDO_DRIFT
669,3345-3349,5,0.988,PSEUDO_DRIFT
670,3350-3354,5,0.988,PSEUDO_DRIFT
671,3355-3359,5,0.972,PSEUDO_DRIFT
672,3360-3364,5,1.0,PSEUDO_DRIFT
673,3365-3369,5,0.988,PSEUDO_DRIFT
674,3370-3374,5,0.996,PSEUDO_DRIFT
675,3375-3379,5,0.992,PSEUDO_DRIFT
676,3380-3384,5,0.992,PSEUDO_DRIFT
677,3385-3389,5,0.996,PSEUDO_DRIFT
678,3390-3394,5,1.0,PSEUDO_DRIFT
679,3395-3399,5,1.0,PSEUDO_DRIFT
680,3400-3404,5,1.0,PSEUDO_DRIFT
681,3405-3409,5,1.0,PSEUDO_DRIFT
682,3410-3414,5,1.0,PSEUDO_DRIFT
683,3415-3419,5,1.0,PSEUDO_DRIFT
684,3420-3424,5,1.0,PSEUDO_DRIFT
685,3425-3429,5,0.996,PSEUDO_DRIFT
686,3430-3434,5,1.0,PSEUDO_DRIFT
687,3435-3439,5,1.0,PSEUDO_DRIFT
688,3440-3444,5,1.0,PSEUDO_DRIFT
689,3445-3449,5,1.0,PSEUDO_DRIFT
690,3450-3454,5,1.0,PSEUDO_DRIFT
691,3455-3459,5,0.988,PSEUDO_DRIFT
692,3460-3464,5,1.0,PSEUDO_DRIFT
693,3465-3469,5,1.0,PSEUDO_DRIFT
694,3470-3474,5,1.0,PSEUDO_DRIFT
695,3475-3479,5,1.0,PSEUDO_DRIFT
696,3480-3484,5,1.0,PSEUDO_DRIFT
697,3485-3489,5,1.0,PSEUDO_DRIFT
698,3490-3494,5,1.0,PSEUDO_DRIFT
699,3495-3499,5,1.0,PSEUDO_DRIFT
700,3500-3504,5,1.0,PSEUDO_DRIFT
701,3505-3509,5,0.992,PSEUDO_DRIFT
702,3510-3514,5,1.0,PSEUDO_DRIFT
703,3515-3519,5,1.0,PSEUDO_DRIFT
704,3520-3524,5,0.996,PSEUDO_DRIFT
705,3525-3529,5,0.968,PSEUDO_DRIFT
706,3530-3534,5,0.948,PSEUDO_DRIFT
707,3535-3539,5,0.984,PSEUDO_DRIFT
708,3540-3544,5,0.952,PSEUDO_DRIFT
709,3545-3549,5,0.996,PSEUDO_DRIFT
710,3550-3554,5,0.972,PSEUDO_DRIFT
711,3555-3559,5,0.996,PSEUDO_DRIFT
712,3560-3564,5,0.944,PSEUDO_DRIFT
713,3565-3569,5,1.0,PSEUDO_DRIFT
714,3570-3574,5,1.0,PSEUDO_DRIFT
715,3575-3579,5,1.0,PSEUDO_DRIFT
716,3580-3584,5,1.0,PSEUDO_DRIFT
717,3585-3589,5,1.0,PSEUDO_DRIFT
718,3590-3594,5,1.0,PSEUDO_DRIFT
719,3595-3599,5,0.996,PSEUDO_DRIFT
720,3600-3604,5,0.992,PSEUDO_DRIFT
721,3605-3609,5,0.992,PSEUDO_DRIFT
722,3610-3614,5,0.996,PSEUDO_DRIFT
723,3615-3619,5,1.0,PSEUDO_DRIFT
724,3620-3624,5,1.0,PSEUDO_DRIFT
725,3625-3629,5,0.996,PSEUDO_DRIFT
726,3630-3634,5,0.984,PSEUDO_DRIFT
727,3635-3639,5,0.988,PSEUDO_DRIFT
728,3640-3644,5,1.0,PSEUDO_DRIFT
729,3645-3649,5,0.996,PSEUDO_DRIFT
730,3650-3654,5,1.0,PSEUDO_DRIFT
731,3655-3659,5,1.0,PSEUDO_DRIFT
732,3660-3664,5,1.0,PSEUDO_DRIFT
733,3665-3669,5,1.0,PSEUDO_DRIFT
734,3670-3674,5,1.0,PSEUDO_DRIFT
735,3675-3679,5,1.0,PSEUDO_DRIFT
736,3680-3684,5,1.0,PSEUDO_DRIFT
737,3685-3689,5,1.0,PSEUDO_DRIFT
738,3690-3694,5,1.0,PSEUDO_DRIFT
739,3695-3699,5,0.996,PSEUDO_DRIFT
740,3700-3704,5,0.996,PSEUDO_DRIFT
741,3705-3709,5,0.984,PSEUDO_DRIFT
742,3710-3714,5,0.988,PSEUDO_DRIFT
743,3715-3719,5,1.0,PSEUDO_DRIFT
744,3720-3724,5,0.988,PSEUDO_DRIFT
745,3725-3729,5,0.992,PSEUDO_DRIFT
746,3730-3734,5,0.968,PSEUDO_DRIFT
747,3735-3739,5,1.0,PSEUDO_DRIFT
748,3740-3744,5,0.964,PSEUDO_DRIFT
749,3745-3749,5,1.0,PSEUDO_DRIFT
750,3750-3754,5,1.0,PSEUDO_DRIFT
751,3755-3759,5,1.0,PSEUDO_DRIFT
752,3760-3764,5,1.0,PSEUDO_DRIFT
753,3765-3769,5,1.0,PSEUDO_DRIFT
754,3770-3774,5,0.996,PSEUDO_DRIFT
755,3775-3779,5,0.992,PSEUDO_DRIFT
756,3780-3784,5,1.0,PSEUDO_DRIFT
757,3785-3789,5,1.0,PSEUDO_DRIFT
758,3790-3794,5,1.0,PSEUDO_DRIFT
759,3795-3799,5,1.0,PSEUDO_DRIFT
760,3800-3804,5,1.0,PSEUDO_DRIFT
761,3805-3809,5,1.0,PSEUDO_DRIFT
762,3810-3814,5,1.0,PSEUDO_DRIFT
763,3815-3819,5,1.0,PSEUDO_DRIFT
764,3820-3824,5,1.0,PSEUDO_DRIFT
765,3825-3829,5,1.0,PSEUDO_DRIFT
766,3830-3834,5,1.0,PSEUDO_DRIFT
767,3835-3839,5,1.0,PSEUDO_DRIFT
768,3840-3844,5,1.0,PSEUDO_DRIFT
769,3845-3849,5,0.86,REAL_DRIFT
770,3850-3854,5,0.896,REAL_DRIFT
771,3855-3859,5,1.0,PSEUDO_DRIFT
772,3860-3864,5,0.888,REAL_DRIFT
773,3865-3869,5,0.772,REAL_DRIFT
774,3870-3874,5,0.952,PSEUDO_DRIFT
775,3875-3879,5,0.836,REAL_DRIFT
776,3880-3884,5,0.432,REAL_DRIFT
777,3885-3889,5,0.968,PSEUDO_DRIFT
778,3890-3894,5,0.748,REAL_DRIFT
779,3895-3899,5,0.356,REAL_DRIFT
780,3900-3904,5,0.824,REAL_DRIFT
781,3905-3909,5,0.896,REAL_DRIFT
782,3910-3914,5,0.68,REAL_DRIFT
783,3915-3919,5,0.82,REAL_DRIFT
784,3920-3924,5,1.0,PSEUDO_DRIFT
785,3925-3929,5,0.84,REAL_DRIFT
786,3930-3934,5,0.828,REAL_DRIFT
787,3935-3939,5,1.0,PSEUDO_DRIFT
788,3940-3944,5,0.776,REAL_DRIFT
789,3945-3949,5,0.836,REAL_DRIFT
790,3950-3954,5,0.976,PSEUDO_DRIFT
791,3955-3959,5,0.812,REAL_DRIFT
792,3960-3964,5,0.728,REAL_DRIFT
793,3965-3969,5,0.96,PSEUDO_DRIFT
794,3970-3974,5,0.94,PSEUDO_DRIFT
795,3975-3979,5,0.776,REAL_DRIFT
796,3980-3984,5,0.94,PSEUDO_DRIFT
797,3985-3989,5,0.988,PSEUDO_DRIFT
798,3990-3994,5,0.808,REAL_DRIFT
799,3995-3999,5,0.904,PSEUDO_DRIFT
800,4000-4004,5,1.0,PSEUDO_DRIFT
801,4005-4009,5,0.796,REAL_DRIFT
802,4010-4014,5,0.836,REAL_DRIFT
803,4015-4019,5,1.0,PSEUDO_DRIFT
804,4020-4024,5,0.9,REAL_DRIFT
805,4025-4029,5,0.852,REAL_DRIFT
806,4030-4034,5,1.0,PSEUDO_DRIFT
807,4035-4039,5,0.924,PSEUDO_DRIFT
808,4040-4044,5,0.812,REAL_DRIFT
809,4045-4049,5,0.92,PSEUDO_DRIFT
810,4050-4054,5,0.828,REAL_DRIFT
811,4055-4059,5,0.808,REAL_DRIFT
812,4060-4064,5,0.932,PSEUDO_DRIFT
813,4065-4069,5,0.96,PSEUDO_DRIFT
814,4070-4074,5,0.768,REAL_DRIFT
815,4075-4079,5,0.864,REAL_DRIFT
816,4080-4084,5,0.98,PSEUDO_DRIFT
817,4085-4089,5,0.744,REAL_DRIFT
818,4090-4094,5,0.828,REAL_DRIFT
819,4095-4099,5,1.0,PSEUDO_DRIFT
820,4100-4104,5,0.844,REAL_DRIFT
821,4105-4109,5,0.824,REAL_DRIFT
822,4110-4114,5,1.0,PSEUDO_DRIFT
823,4115-4119,5,0.916,PSEUDO_DRIFT
824,4120-4124,5,0.82,REAL_DRIFT
825,4125-4129,5,1.0,PSEUDO_DRIFT
826,4130-4134,5,0.924,PSEUDO_DRIFT
827,4135-4139,5,0.82,REAL_DRIFT
828,4140-4144,5,0.952,PSEUDO_DRIFT
829,4145-4149,5,0.94,PSEUDO_DRIFT
830,4150-4154,5,0.592,REAL_DRIFT
831,4155-4159,5,0.804,REAL_DRIFT
832,4160-4164,5,0.98,PSEUDO_DRIFT
833,4165-4169,5,0.764,REAL_DRIFT
834,4170-4174,5,0.788,REAL_DRIFT
835,4175-4179,5,1.0,PSEUDO_DRIFT
836,4180-4184,5,0.804,REAL_DRIFT
837,4185-4189,5,0.768,REAL_DRIFT
838,4190-4194,5,1.0,PSEUDO_DRIFT
839,4195-4199,5,0.932,PSEUDO_DRIFT
840,4200-4204,5,0.772,REAL_DRIFT
841,4205-4209,5,0.984,PSEUDO_DRIFT
842,4210-4214,5,0.948,PSEUDO_DRIFT
843,4215-4219,5,0.836,REAL_DRIFT
844,4220-4224,5,0.948,PSEUDO_DRIFT
845,4225-4229,5,0.916,PSEUDO_DRIFT
846,4230-4234,5,0.616,REAL_DRIFT
847,4235-4239,5,0.7,REAL_DRIFT
848,4240-4244,5,0.996,PSEUDO_DRIFT
849,4245-4249,5,0.664,REAL_DRIFT
850,4250-4254,5,0.752,REAL_DRIFT
851,4255-4259,5,0.968,PSEUDO_DRIFT
852,4260-4264,5,0.88,REAL_DRIFT
853,4265-4269,5,0.852,REAL_DRIFT
854,4270-4274,5,1.0,PSEUDO_DRIFT
855,4275-4279,5,0.876,REAL_DRIFT
856,4280-4284,5,0.828,REAL_DRIFT
857,4285-4289,5,0.984,PSEUDO_DRIFT
858,4290-4294,5,0.952,PSEUDO_DRIFT
859,4295-4299,5,0.724,REAL_DRIFT
860,4300-4304,5,0.96,PSEUDO_DRIFT
861,4305-4309,5,0.968,PSEUDO_DRIFT
862,4310-4314,5,0.84,REAL_DRIFT
863,4315-4319,5,0.896,REAL_DRIFT
864,4320-4324,5,0.992,PSEUDO_DRIFT
865,4325-4329,5,0.72,REAL_DRIFT
866,4330-4334,5,0.884,REAL_DRIFT
867,4335-4339,5,1.0,PSEUDO_DRIFT
868,4340-4344,5,0.88,REAL_DRIFT
869,4345-4349,5,0.856,REAL_DRIFT
870,4350-4354,5,1.0,PSEUDO_DRIFT
871,4355-4359,5,0.928,PSEUDO_DRIFT
872,4360-4364,5,0.796,REAL_DRIFT
873,4365-4369,5,0.98,PSEUDO_DRIFT
874,4370-4374,5,0.944,PSEUDO_DRIFT
875,4375-4379,5,0.824,REAL_DRIFT
876,4380-4384,5,0.952,PSEUDO_DRIFT
877,4385-4389,5,0.988,PSEUDO_DRIFT
878,4390-4394,5,0.84,REAL_DRIFT
879,4395-4399,5,0.62,REAL_DRIFT
880,4400-4404,5,0.988,PSEUDO_DRIFT
881,4405-4409,5,0.54,REAL_DRIFT
882,4410-4414,5,0.58,REAL_DRIFT
883,4415-4419,5,0.984,PSEUDO_DRIFT
884,4420-4424,5,0.456,REAL_DRIFT
885,4425-4429,5,0.576,REAL_DRIFT
886,4430-4434,5,0.992,PSEUDO_DRIFT
887,4435-4439,5,0.948,PSEUDO_DRIFT
888,4440-4444,5,0.82,REAL_DRIFT
889,4445-4449,5,0.984,PSEUDO_DRIFT
890,4450-4454,5,0.92,PSEUDO_DRIFT
891,4455-4459,5,0.816,REAL_DRIFT
892,4460-4464,5,0.932,PSEUDO_DRIFT
893,4465-4469,5,0.98,PSEUDO_DRIFT
894,4470-4474,5,0.724,REAL_DRIFT
895,4475-4479,5,0.9,REAL_DRIFT
896,4480-4484,5,1.0,PSEUDO_DRIFT
897,4485-4489,5,0.86,REAL_DRIFT
898,4490-4494,5,0.832,REAL_DRIFT
899,4495-4499,5,1.0,PSEUDO_DRIFT
900,4500-4504,5,0.884,REAL_DRIFT
901,4505-4509,5,0.88,REAL_DRIFT
902,4510-4514,5,1.0,PSEUDO_DRIFT
903,4515-4519,5,0.884,REAL_DRIFT
904,4520-4524,5,0.848,REAL_DRIFT
905,4525-4529,5,0.984,PSEUDO_DRIFT
906,4530-4534,5,0.94,PSEUDO_DRIFT
907,4535-4539,5,0.812,REAL_DRIFT
908,4540-4544,5,0.944,PSEUDO_DRIFT
909,4545-4549,5,0.988,PSEUDO_DRIFT
910,4550-4554,5,0.844,REAL_DRIFT
911,4555-4559,5,0.924,PSEUDO_DRIFT
912,4560-4564,5,1.0,PSEUDO_DRIFT
913,4565-4569,5,0.656,REAL_DRIFT
914,4570-4574,5,0.524,REAL_DRIFT
915,4575-4579,5,1.0,PSEUDO_DRIFT
916,4580-4584,5,0.732,REAL_DRIFT
917,4585-4589,5,0.636,REAL_DRIFT
918,4590-4594,5,0.992,PSEUDO_DRIFT
919,4595-4599,5,0.712,REAL_DRIFT
920,4600-4604,5,0.288,REAL_DRIFT
921,4605-4609,5,0.928,PSEUDO_DRIFT
922,4610-4614,5,0.892,REAL_DRIFT
923,4615-4619,5,0.808,REAL_DRIFT
924,4620-4624,5,0.924,PSEUDO_DRIFT
925,4625-4629,5,0.972,PSEUDO_DRIFT
926,4630-4634,5,0.856,REAL_DRIFT
927,4635-4639,5,0.9,REAL_DRIFT
928,4640-4644,5,0.976,PSEUDO_DRIFT
929,4645-4649,5,0.852,REAL_DRIFT
930,4650-4654,5,0.892,REAL_DRIFT
931,4655-4659,5,0.992,PSEUDO_DRIFT
932,4660-4664,5,0.884,REAL_DRIFT
933,4665-4669,5,0.864,REAL_DRIFT
934,4670-4674,5,1.0,PSEUDO_DRIFT
935,4675-4679,5,0.884,REAL_DRIFT
936,4680-4684,5,0.844,REAL_DRIFT
937,4685-4689,5,0.98,PSEUDO_DRIFT
938,4690-4694,5,0.92,PSEUDO_DRIFT
939,4695-4699,5,0.792,REAL_DRIFT
940,4700-4704,5,0.944,PSEUDO_DRIFT
941,4705-4709,5,0.96,PSEUDO_DRIFT
942,4710-4714,5,0.768,REAL_DRIFT
943,4715-4719,5,0.892,REAL_DRIFT
944,4720-4724,5,1.0,PSEUDO_DRIFT
945,4725-4729,5,0.864,REAL_DRIFT
946,4730-4734,5,0.832,REAL_DRIFT
947,4735-4739,5,1.0,PSEUDO_DRIFT
948,4740-4744,5,0.816,REAL_DRIFT
949,4745-4749,5,0.732,REAL_DRIFT
950,4750-4754,5,0.932,PSEUDO_DRIFT
951,4755-4759,5,0.744,REAL_DRIFT
952,4760-4764,5,0.64,REAL_DRIFT
953,4765-4769,5,0.904,PSEUDO_DRIFT
954,4770-4774,5,0.948,PSEUDO_DRIFT
955,4775-4779,5,0.636,REAL_DRIFT
956,4780-4784,5,0.736,REAL_DRIFT
957,4785-4789,5,0.98,PSEUDO_DRIFT
958,4790-4794,5,0.84,REAL_DRIFT
959,4795-4799,5,0.916,PSEUDO_DRIFT
960,4800-4804,5,1.0,PSEUDO_DRIFT
961,4805-4809,5,0.82,REAL_DRIFT
962,4810-4814,5,0.88,REAL_DRIFT
963,4815-4819,5,0.996,PSEUDO_DRIFT
964,4820-4824,5,0.816,REAL_DRIFT
965,4825-4829,5,0.724,REAL_DRIFT
966,4830-4834,5,0.992,PSEUDO_DRIFT
967,4835-4839,5,0.912,PSEUDO_DRIFT
968,4840-4844,5,0.844,REAL_DRIFT
969,4845-4849,5,0.976,PSEUDO_DRIFT
970,4850-4854,5,0.728,REAL_DRIFT
971,4855-4859,5,0.624,REAL_DRIFT
972,4860-4864,5,0.944,PSEUDO_DRIFT
973,4865-4869,5,0.976,PSEUDO_DRIFT
974,4870-4874,5,0.816,REAL_DRIFT
975,4875-4879,5,0.916,PSEUDO_DRIFT
976,4880-4884,5,1.0,PSEUDO_DRIFT
977,4885-4889,5,0.84,REAL_DRIFT
978,4890-4894,5,0.872,REAL_DRIFT
979,4895-4899,5,1.0,PSEUDO_DRIFT
980,4900-4904,5,0.904,PSEUDO_DRIFT
981,4905-4909,5,0.844,REAL_DRIFT
982,4910-4914,5,1.0,PSEUDO_DRIFT
983,4915-4919,5,0.664,REAL_DRIFT
984,4920-4924,5,0.56,REAL_DRIFT
985,4925-4929,5,0.936,PSEUDO_DRIFT
986,4930-4934,5,0.724,REAL_DRIFT
987,4935-4939,5,0.396,REAL_DRIFT
988,4940-4944,5,0.92,PSEUDO_DRIFT
989,4945-4949,5,0.896,REAL_DRIFT
990,4950-4954,5,0.612,REAL_DRIFT
991,4955-4959,5,0.7,REAL_DRIFT
992,4960-4964,5,0.992,PSEUDO_DRIFT
993,4965-4969,5,0.848,REAL_DRIFT
994,4970-4974,5,0.888,REAL_DRIFT
995,4975-4979,5,1.0,PSEUDO_DRIFT
996,4980-4984,5,0.88,REAL_DRIFT
997,4985-4989,5,0.832,REAL_DRIFT
998,4990-4994,5,0.988,PSEUDO_DRIFT
999,4995-4999,5,0.892,REAL_DRIFT
1000,5000-5004,5,0.636,REAL_DRIFT
1001,5005-5009,5,0.972,PSEUDO_DRIFT
1002,5010-5014,5,0.952,PSEUDO_DRIFT
1003,5015-5019,5,0.828,REAL_DRIFT
1004,5020-5024,5,0.956,PSEUDO_DRIFT
1005,5025-5029,5,0.98,PSEUDO_DRIFT
1006,5030-5034,5,0.812,REAL_DRIFT
1007,5035-5039,5,0.948,PSEUDO_DRIFT
1008,5040-5044,5,0.992,PSEUDO_DRIFT
1009,5045-5049,5,0.816,REAL_DRIFT
1010,5050-5054,5,0.836,REAL_DRIFT
1011,5055-5059,5,1.0,PSEUDO_DRIFT
1012,5060-5064,5,0.892,REAL_DRIFT
1013,5065-5069,5,0.852,REAL_DRIFT
1014,5070-5074,5,1.0,PSEUDO_DRIFT
1015,5075-5079,5,0.84,REAL_DRIFT
1016,5080-5084,5,0.736,REAL_DRIFT
1017,5085-5089,5,0.98,PSEUDO_DRIFT
1018,5090-5094,5,0.784,REAL_DRIFT
1019,5095-5099,5,0.44,REAL_DRIFT
1020,5100-5104,5,0.916,PSEUDO_DRIFT
1021,5105-5109,5,0.984,PSEUDO_DRIFT
1022,5110-5114,5,0.736,REAL_DRIFT
1023,5115-5119,5,0.892,REAL_DRIFT
1024,5120-5124,5,0.928,PSEUDO_DRIFT
1025,5125-5129,5,0.556,REAL_DRIFT
1026,5130-5134,5,0.772,REAL_DRIFT
1027,5135-5139,5,1.0,PSEUDO_DRIFT
1028,5140-5144,5,0.88,REAL_DRIFT
1029,5145-5149,5,0.832,REAL_DRIFT
1030,5150-5154,5,1.0,PSEUDO_DRIFT
1031,5155-5159,5,0.936,PSEUDO_DRIFT
1032,5160-5164,5,0.78,REAL_DRIFT
1033,5165-5169,5,0.932,PSEUDO_DRIFT
1034,5170-5174,5,0.872,REAL_DRIFT
1035,5175-5179,5,0.788,REAL_DRIFT
1036,5180-5184,5,0.96,PSEUDO_DRIFT
1037,5185-5189,5,0.968,PSEUDO_DRIFT
1038,5190-5194,5,0.816,REAL_DRIFT
1039,5195-5199,5,0.94,PSEUDO_DRIFT
1040,5200-5204,5,0.96,PSEUDO_DRIFT
1041,5205-5209,5,0.852,REAL_DRIFT
1042,5210-5214,5,0.896,REAL_DRIFT
1043,5215-5219,5,1.0,PSEUDO_DRIFT
1044,5220-5224,5,0.892,REAL_DRIFT
1045,5225-5229,5,0.852,REAL_DRIFT
1046,5230-5234,5,1.0,PSEUDO_DRIFT
1047,5235-5239,5,0.92,PSEUDO_DRIFT
1048,5240-5244,5,0.86,REAL_DRIFT
1049,5245-5249,5,0.976,PSEUDO_DRIFT
1050,5250-5254,5,0.952,PSEUDO_DRIFT
1051,5255-5259,5,0.804,REAL_DRIFT
1052,5260-5264,5,0.96,PSEUDO_DRIFT
1053,5265-5269,5,0.96,PSEUDO_DRIFT
1054,5270-5274,5,0.848,REAL_DRIFT
1055,5275-5279,5,0.736,REAL_DRIFT
1056,5280-5284,5,1.0,PSEUDO_DRIFT
1057,5285-5289,5,0.82,REAL_DRIFT
1058,5290-5294,5,0.744,REAL_DRIFT
1059,5295-5299,5,0.992,PSEUDO_DRIFT
1060,5300-5304,5,0.608,REAL_DRIFT
1061,5305-5309,5,0.644,REAL_DRIFT
1062,5310-5314,5,1.0,PSEUDO_DRIFT
1063,5315-5319,5,0.896,REAL_DRIFT
1064,5320-5324,5,0.824,REAL_DRIFT
1065,5325-5329,5,0.988,PSEUDO_DRIFT
1066,5330-5334,5,0.948,PSEUDO_DRIFT
1067,5335-5339,5,0.844,REAL_DRIFT
1068,5340-5344,5,0.944,PSEUDO_DRIFT
1069,5345-5349,5,0.972,PSEUDO_DRIFT
1070,5350-5354,5,0.84,REAL_DRIFT
1071,5355-5359,5,0.908,PSEUDO_DRIFT
1072,5360-5364,5,1.0,PSEUDO_DRIFT
1073,5365-5369,5,0.852,REAL_DRIFT
1074,5370-5374,5,0.864,REAL_DRIFT
1075,5375-5379,5,0.992,PSEUDO_DRIFT
1076,5380-5384,5,0.88,REAL_DRIFT
1077,5385-5389,5,0.86,REAL_DRIFT
1078,5390-5394,5,1.0,PSEUDO_DRIFT
1079,5395-5399,5,0.916,PSEUDO_DRIFT
1080,5400-5404,5,0.84,REAL_DRIFT
1081,5405-5409,5,0.988,PSEUDO_DRIFT
1082,5410-5414,5,0.932,PSEUDO_DRIFT
1083,5415-5419,5,0.832,REAL_DRIFT
1084,5420-5424,5,0.94,PSEUDO_DRIFT
1085,5425-5429,5,0.972,PSEUDO_DRIFT
1086,5430-5434,5,0.844,REAL_DRIFT
1087,5435-5439,5,0.908,PSEUDO_DRIFT
1088,5440-5444,5,0.992,PSEUDO_DRIFT
1089,5445-5449,5,0.824,REAL_DRIFT
1090,5450-5454,5,0.836,REAL_DRIFT
1091,5455-5459,5,0.976,PSEUDO_DRIFT
1092,5460-5464,5,0.796,REAL_DRIFT
1093,5465-5469,5,0.748,REAL_DRIFT
1094,5470-5474,5,0.992,PSEUDO_DRIFT
1095,5475-5479,5,0.9,REAL_DRIFT
1096,5480-5484,5,0.536,REAL_DRIFT
1097,5485-5489,5,0.98,PSEUDO_DRIFT
1098,5490-5494,5,0.948,PSEUDO_DRIFT
1099,5495-5499,5,0.82,REAL_DRIFT
1100,5500-5504,5,0.956,PSEUDO_DRIFT
1101,5505-5509,5,0.98,PSEUDO_DRIFT
1102,5510-5514,5,0.824,REAL_DRIFT
1103,5515-5519,5,0.9,REAL_DRIFT
1104,5520-5524,5,0.996,PSEUDO_DRIFT
1105,5525-5529,5,0.788,REAL_DRIFT
1106,5530-5534,5,0.9,REAL_DRIFT
1107,5535-5539,5,1.0,PSEUDO_DRIFT
1108,5540-5544,5,0.848,REAL_DRIFT
1109,5545-5549,5,0.884,REAL_DRIFT
1110,5550-5554,5,0.984,PSEUDO_DRIFT
1111,5555-5559,5,0.892,REAL_DRIFT
1112,5560-5564,5,0.824,REAL_DRIFT
1113,5565-5569,5,0.988,PSEUDO_DRIFT
1114,5570-5574,5,0.952,PSEUDO_DRIFT
1115,5575-5579,5,0.824,REAL_DRIFT
1116,5580-5584,5,0.944,PSEUDO_DRIFT
1117,5585-5589,5,0.988,PSEUDO_DRIFT
1118,5590-5594,5,0.82,REAL_DRIFT
1119,5595-5599,5,0.94,PSEUDO_DRIFT
1120,5600-5604,5,1.0,PSEUDO_DRIFT
1121,5605-5609,5,0.828,REAL_DRIFT
1122,5610-5614,5,0.888,REAL_DRIFT
1123,5615-5619,5,0.996,PSEUDO_DRIFT
1124,5620-5624,5,0.672,REAL_DRIFT
1125,5625-5629,5,0.56,REAL_DRIFT
1126,5630-5634,5,0.996,PSEUDO_DRIFT
1127,5635-5639,5,0.904,PSEUDO_DRIFT
1128,5640-5644,5,0.696,REAL_DRIFT
1129,5645-5649,5,0.96,PSEUDO_DRIFT
1130,5650-5654,5,0.796,REAL_DRIFT
1131,5655-5659,5,0.492,REAL_DRIFT
1132,5660-5664,5,0.896,REAL_DRIFT
1133,5665-5669,5,0.98,PSEUDO_DRIFT
1134,5670-5674,5,0.772,REAL_DRIFT
1135,5675-5679,5,0.876,REAL_DRIFT
1136,5680-5684,5,1.0,PSEUDO_DRIFT
1137,5685-5689,5,0.852,REAL_DRIFT
1138,5690-5694,5,0.892,REAL_DRIFT
1139,5695-5699,5,1.0,PSEUDO_DRIFT
1140,5700-5704,5,0.888,REAL_DRIFT
1141,5705-5709,5,0.856,REAL_DRIFT
1142,5710-5714,5,1.0,PSEUDO_DRIFT
1143,5715-5719,5,0.9,REAL_DRIFT
1144,5720-5724,5,0.816,REAL_DRIFT
1145,5725-5729,5,0.988,PSEUDO_DRIFT
1146,5730-5734,5,0.952,PSEUDO_DRIFT
1147,5735-5739,5,0.808,REAL_DRIFT
1148,5740-5744,5,0.944,PSEUDO_DRIFT
1149,5745-5749,5,0.984,PSEUDO_DRIFT
1150,5750-5754,5,0.828,REAL_DRIFT
1151,5755-5756,2,0.8793103448275862,REAL_DRIFT
